State,Filed week ended,Initial Claims,Reflecting Week Ended,Continued Claims,Covered Employment,Insured Unemployment Rate
Alabama,01/04/2020,4578,12/28/2019,18523,1923741,0.96
Alabama,01/11/2020,3629,01/04/2020,21143,1923741,1.10
Alabama,01/18/2020,2483,01/11/2020,17402,1923741,0.90
Alabama,01/25/2020,2129,01/18/2020,18390,1923741,0.96
Alabama,02/01/2020,2170,01/25/2020,17284,1923741,0.90
Alabama,02/08/2020,2176,02/01/2020,16745,1923741,0.87
Alabama,02/15/2020,1981,02/08/2020,16571,1923741,0.86
Alabama,02/22/2020,1735,02/15/2020,16059,1923741,0.83
Alabama,02/29/2020,1575,02/22/2020,14721,1923741,0.77
Alabama,03/07/2020,1663,02/29/2020,13657,1923741,0.71
Alabama,03/14/2020,1819,03/07/2020,13070,1923741,0.68
Alabama,03/21/2020,10892,03/14/2020,12487,1923741,0.65
Alabama,03/28/2020,80984,03/21/2020,18083,1923741,0.94
Alabama,04/04/2020,106739,03/28/2020,52176,1923741,2.71
Alabama,04/11/2020,77515,04/04/2020,95325,1929897,4.94
Alabama,04/18/2020,66432,04/11/2020,144327,1929897,7.48
Alabama,04/25/2020,74966,04/18/2020,173855,1929897,9.01
Alaska,01/04/2020,981,12/28/2019,10177,306493,3.32
Alaska,01/11/2020,1371,01/04/2020,9310,307329,3.03
Alaska,01/18/2020,1181,01/11/2020,9984,307329,3.25
Alaska,01/25/2020,1003,01/18/2020,9496,307329,3.09
Alaska,02/01/2020,1122,01/25/2020,9579,307329,3.12
Alaska,02/08/2020,980,02/01/2020,9161,307329,2.98
Alaska,02/15/2020,915,02/08/2020,9343,307329,3.04
Alaska,02/22/2020,773,02/15/2020,8864,307329,2.88
Alaska,02/29/2020,874,02/22/2020,8938,307329,2.91
Alaska,03/07/2020,815,02/29/2020,8266,307329,2.69
Alaska,03/14/2020,1120,03/07/2020,8522,307329,2.77
Alaska,03/21/2020,7847,03/14/2020,8512,307329,2.77
Alaska,03/28/2020,13774,03/21/2020,11173,307329,3.64
Alaska,04/04/2020,14590,03/28/2020,19845,307329,6.46
Alaska,04/11/2020,12007,04/04/2020,35365,308137,11.48
Alaska,04/18/2020,12201,04/11/2020,48096,308137,15.61
Alaska,04/25/2020,10313,04/18/2020,52022,308137,16.88
Arkansas,01/04/2020,2576,12/28/2019,15323,1193713,1.28
Arkansas,01/11/2020,2493,01/04/2020,15536,1195622,1.30
Arkansas,01/18/2020,1729,01/11/2020,13229,1195622,1.11
Arkansas,01/25/2020,1683,01/18/2020,12331,1195622,1.03
Arkansas,02/01/2020,1837,01/25/2020,13210,1195622,1.10
Arkansas,02/08/2020,1724,02/01/2020,12964,1195622,1.08
Arkansas,02/15/2020,1602,02/08/2020,12979,1195622,1.09
Arkansas,02/22/2020,1055,02/15/2020,12546,1195622,1.05
Arkansas,02/29/2020,1418,02/22/2020,12244,1195622,1.02
Arkansas,03/07/2020,1843,02/29/2020,11618,1195622,0.97
Arkansas,03/14/2020,1382,03/07/2020,11514,1195622,0.96
Arkansas,03/21/2020,9275,03/14/2020,10988,1195622,0.92
Arkansas,03/28/2020,27756,03/21/2020,16148,1195622,1.35
Arkansas,04/04/2020,62086,03/28/2020,36499,1195622,3.05
Arkansas,04/11/2020,35629,04/04/2020,66511,1196468,5.56
Arkansas,04/18/2020,25404,04/11/2020,91278,1196468,7.63
Arkansas,04/25/2020,17671,04/18/2020,109337,1196468,9.14
Arizona,01/04/2020,3132,12/28/2019,17991,2864180,0.63
Arizona,01/11/2020,4654,01/04/2020,18259,2864180,0.64
Arizona,01/18/2020,4152,01/11/2020,18421,2864180,0.64
Arizona,01/25/2020,3475,01/18/2020,18401,2864180,0.64
Arizona,02/01/2020,3807,01/25/2020,18854,2864180,0.66
Arizona,02/08/2020,3636,02/01/2020,18461,2864180,0.64
Arizona,02/15/2020,3538,02/08/2020,18516,2864180,0.65
Arizona,02/22/2020,3151,02/15/2020,18217,2864180,0.64
Arizona,02/29/2020,3086,02/22/2020,18137,2864180,0.63
Arizona,03/07/2020,3357,02/29/2020,17593,2864180,0.61
Arizona,03/14/2020,3844,03/07/2020,17595,2864180,0.61
Arizona,03/21/2020,29348,03/14/2020,18108,2864180,0.63
Arizona,03/28/2020,88940,03/21/2020,26387,2864180,0.92
Arizona,04/04/2020,132428,03/28/2020,62597,2864180,2.19
Arizona,04/11/2020,98531,04/04/2020,120592,2864180,4.21
Arizona,04/18/2020,72457,04/11/2020,170262,2885408,5.90
Arizona,04/25/2020,52581,04/18/2020,196401,2885408,6.81
California,01/04/2020,36720,12/28/2019,359606,17203829,2.09
California,01/11/2020,51993,01/04/2020,356376,17265039,2.06
California,01/18/2020,64858,01/11/2020,376947,17265039,2.18
California,01/25/2020,45596,01/18/2020,336269,17265039,1.95
California,02/01/2020,43458,01/25/2020,388341,17265039,2.25
California,02/08/2020,40392,02/01/2020,359156,17265039,2.08
California,02/15/2020,43445,02/08/2020,375305,17265039,2.17
California,02/22/2020,34979,02/15/2020,349252,17265039,2.02
California,02/29/2020,41678,02/22/2020,369988,17265039,2.14
California,03/07/2020,43385,02/29/2020,378864,17265039,2.19
California,03/14/2020,57606,03/07/2020,351344,17265039,2.04
California,03/21/2020,186333,03/14/2020,421912,17265039,2.44
California,03/28/2020,1058325,03/21/2020,400565,17265039,2.32
California,04/04/2020,918814,03/28/2020,1076761,17265039,6.24
California,04/11/2020,655472,04/04/2020,1429954,17330010,8.25
California,04/18/2020,528360,04/11/2020,2422458,17330010,13.98
California,04/25/2020,325343,04/18/2020,1887575,17330010,10.89
Colorado,01/04/2020,2431,12/28/2019,21391,2635231,0.81
Colorado,01/11/2020,3001,01/04/2020,21492,2650335,0.81
Colorado,01/18/2020,2522,01/11/2020,21104,2650335,0.80
Colorado,01/25/2020,2164,01/18/2020,22738,2650335,0.86
Colorado,02/01/2020,2049,01/25/2020,21560,2650335,0.81
Colorado,02/08/2020,2482,02/01/2020,22881,2650335,0.86
Colorado,02/15/2020,2209,02/08/2020,22076,2650335,0.83
Colorado,02/22/2020,1862,02/15/2020,23694,2650335,0.89
Colorado,02/29/2020,1681,02/22/2020,22409,2650335,0.85
Colorado,03/07/2020,1865,02/29/2020,22908,2650335,0.86
Colorado,03/14/2020,2321,03/07/2020,21260,2650335,0.80
Colorado,03/21/2020,19774,03/14/2020,21309,2650335,0.80
Colorado,03/28/2020,61838,03/21/2020,21956,2650335,0.83
Colorado,04/04/2020,46326,03/28/2020,73584,2650335,2.78
Colorado,04/11/2020,104572,04/04/2020,166593,2666358,6.25
Colorado,04/18/2020,67639,04/11/2020,171434,2666358,6.43
Colorado,04/25/2020,38662,04/18/2020,228713,2666358,8.58
Connecticut,01/04/2020,7852,12/28/2019,46562,1655540,2.81
Connecticut,01/11/2020,5986,01/04/2020,47540,1654391,2.87
Connecticut,01/18/2020,3776,01/11/2020,42483,1654391,2.57
Connecticut,01/25/2020,2949,01/18/2020,41760,1654391,2.52
Connecticut,02/01/2020,2994,01/25/2020,41725,1654391,2.52
Connecticut,02/08/2020,2944,02/01/2020,41633,1654391,2.52
Connecticut,02/15/2020,2520,02/08/2020,39384,1654391,2.38
Connecticut,02/22/2020,2435,02/15/2020,41691,1654391,2.52
Connecticut,02/29/2020,2843,02/22/2020,42168,1654391,2.55
Connecticut,03/07/2020,2527,02/29/2020,40638,1654391,2.46
Connecticut,03/14/2020,3440,03/07/2020,39786,1654391,2.40
Connecticut,03/21/2020,25100,03/14/2020,44194,1654391,2.67
Connecticut,03/28/2020,33227,03/21/2020,80861,1654391,4.89
Connecticut,04/04/2020,33464,03/28/2020,147939,1654391,8.94
Connecticut,04/11/2020,34050,04/04/2020,189196,1653302,11.44
Connecticut,04/18/2020,102808,04/11/2020,306047,1653302,18.51
Connecticut,04/25/2020,33041,04/18/2020,309111,1653302,18.70
Delaware,01/04/2020,875,12/28/2019,6881,441663,1.56
Delaware,01/11/2020,1107,01/04/2020,7083,443288,1.60
Delaware,01/18/2020,830,01/11/2020,5967,443288,1.35
Delaware,01/25/2020,674,01/18/2020,5703,443288,1.29
Delaware,02/01/2020,622,01/25/2020,6830,443288,1.54
Delaware,02/08/2020,608,02/01/2020,5888,443288,1.33
Delaware,02/15/2020,610,02/08/2020,5917,443288,1.33
Delaware,02/22/2020,632,02/15/2020,5921,443288,1.34
Delaware,02/29/2020,524,02/22/2020,6742,443288,1.52
Delaware,03/07/2020,518,02/29/2020,5480,443288,1.24
Delaware,03/14/2020,472,03/07/2020,5310,443288,1.20
Delaware,03/21/2020,10776,03/14/2020,5297,443288,1.19
Delaware,03/28/2020,19137,03/21/2020,11506,443288,2.60
Delaware,04/04/2020,18851,03/28/2020,19442,443288,4.39
Delaware,04/11/2020,13258,04/04/2020,29577,445741,6.64
Delaware,04/18/2020,9446,04/11/2020,38451,445741,8.63
Delaware,04/25/2020,7947,04/18/2020,44977,445741,10.09
District of Columbia,01/04/2020,481,12/28/2019,7198,576878,1.25
District of Columbia,01/11/2020,706,01/04/2020,7102,578035,1.23
District of Columbia,01/18/2020,594,01/11/2020,7271,578035,1.26
District of Columbia,01/25/2020,534,01/18/2020,7149,578035,1.24
District of Columbia,02/01/2020,539,01/25/2020,7139,578035,1.24
District of Columbia,02/08/2020,508,02/01/2020,7156,578035,1.24
District of Columbia,02/15/2020,473,02/08/2020,7079,578035,1.22
District of Columbia,02/22/2020,422,02/15/2020,7003,578035,1.21
District of Columbia,02/29/2020,452,02/22/2020,7020,578035,1.21
District of Columbia,03/07/2020,471,02/29/2020,6792,578035,1.18
District of Columbia,03/14/2020,1213,03/07/2020,6746,578035,1.17
District of Columbia,03/21/2020,14462,03/14/2020,7378,578035,1.28
District of Columbia,03/28/2020,15869,03/21/2020,17661,578035,3.06
District of Columbia,04/04/2020,15329,03/28/2020,31385,578035,5.43
District of Columbia,04/11/2020,9974,04/04/2020,42224,579419,7.29
District of Columbia,04/18/2020,8639,04/11/2020,47465,579419,8.19
District of Columbia,04/25/2020,8708,04/18/2020,52534,579419,9.07
Florida,01/04/2020,4618,12/28/2019,36189,8608066,0.42
Florida,01/11/2020,6862,01/04/2020,35024,8604277,0.41
Florida,01/18/2020,6088,01/11/2020,34718,8604277,0.40
Florida,01/25/2020,5206,01/18/2020,33347,8604277,0.39
Florida,02/01/2020,5457,01/25/2020,35871,8604277,0.42
Florida,02/08/2020,5605,02/01/2020,33176,8604277,0.39
Florida,02/15/2020,5229,02/08/2020,34449,8604277,0.40
Florida,02/22/2020,4861,02/15/2020,33570,8604277,0.39
Florida,02/29/2020,4853,02/22/2020,33421,8604277,0.39
Florida,03/07/2020,5325,02/29/2020,32262,8604277,0.37
Florida,03/14/2020,6463,03/07/2020,32244,8604277,0.37
Florida,03/21/2020,74313,03/14/2020,33728,8604277,0.39
Florida,03/28/2020,228484,03/21/2020,35076,8604277,0.41
Florida,04/04/2020,169885,03/28/2020,98921,8604277,1.15
Florida,04/11/2020,180419,04/04/2020,339448,8590846,3.95
Florida,04/18/2020,506670,04/11/2020,177021,8590846,2.06
Florida,04/25/2020,433103,04/18/2020,540554,8590846,6.29
Georgia,01/04/2020,17060,12/28/2019,38704,4353840,0.89
Georgia,01/11/2020,17962,01/04/2020,47482,4373059,1.09
Georgia,01/18/2020,8161,01/11/2020,32079,4373059,0.73
Georgia,01/25/2020,5257,01/18/2020,28998,4373059,0.66
Georgia,02/01/2020,5199,01/25/2020,28332,4373059,0.65
Georgia,02/08/2020,5577,02/01/2020,26984,4373059,0.62
Georgia,02/15/2020,6277,02/08/2020,27317,4373059,0.62
Georgia,02/22/2020,5030,02/15/2020,26963,4373059,0.62
Georgia,02/29/2020,5538,02/22/2020,26958,4373059,0.62
Georgia,03/07/2020,4569,02/29/2020,25079,4373059,0.57
Georgia,03/14/2020,5445,03/07/2020,25352,4373059,0.58
Georgia,03/21/2020,12140,03/14/2020,27507,4373059,0.63
Georgia,03/28/2020,133820,03/21/2020,107877,4373059,2.47
Georgia,04/04/2020,390132,03/28/2020,360077,4373059,8.23
Georgia,04/11/2020,319581,04/04/2020,595418,4388404,13.57
Georgia,04/18/2020,247003,04/11/2020,611889,4388404,13.94
Georgia,04/25/2020,266565,04/18/2020,758856,4388404,17.29
Hawaii,01/04/2020,1825,12/28/2019,6813,623074,1.09
Hawaii,01/11/2020,1826,01/04/2020,7849,621949,1.26
Hawaii,01/18/2020,1234,01/11/2020,6623,621949,1.06
Hawaii,01/25/2020,1014,01/18/2020,6407,621949,1.03
Hawaii,02/01/2020,1135,01/25/2020,6070,621949,0.98
Hawaii,02/08/2020,1137,02/01/2020,6205,621949,1.00
Hawaii,02/15/2020,1199,02/08/2020,6121,621949,0.98
Hawaii,02/22/2020,1020,02/15/2020,6223,621949,1.00
Hawaii,02/29/2020,1049,02/22/2020,5951,621949,0.96
Hawaii,03/07/2020,1275,02/29/2020,6047,621949,0.97
Hawaii,03/14/2020,1589,03/07/2020,6204,621949,1.00
Hawaii,03/21/2020,8817,03/14/2020,6477,621949,1.04
Hawaii,03/28/2020,48596,03/21/2020,10997,621949,1.77
Hawaii,04/04/2020,53102,03/28/2020,32226,621949,5.18
Hawaii,04/11/2020,34717,04/04/2020,48305,621474,7.77
Hawaii,04/18/2020,26591,04/11/2020,72261,621474,11.63
Hawaii,04/25/2020,22495,04/18/2020,68480,621474,11.02
Idaho,01/04/2020,2957,12/28/2019,8854,722812,1.22
Idaho,01/11/2020,2131,01/04/2020,11483,727996,1.58
Idaho,01/18/2020,2172,01/11/2020,11931,727996,1.64
Idaho,01/25/2020,1821,01/18/2020,11833,727996,1.63
Idaho,02/01/2020,1446,01/25/2020,11337,727996,1.56
Idaho,02/08/2020,1443,02/01/2020,11389,727996,1.56
Idaho,02/15/2020,1356,02/08/2020,11334,727996,1.56
Idaho,02/22/2020,1114,02/15/2020,11275,727996,1.55
Idaho,02/29/2020,998,02/22/2020,10587,727996,1.45
Idaho,03/07/2020,938,02/29/2020,10167,727996,1.40
Idaho,03/14/2020,1031,03/07/2020,9336,727996,1.28
Idaho,03/21/2020,13586,03/14/2020,7869,727996,1.08
Idaho,03/28/2020,32941,03/21/2020,15523,727996,2.13
Idaho,04/04/2020,30904,03/28/2020,35915,727996,4.93
Idaho,04/11/2020,18531,04/04/2020,59139,733499,8.06
Idaho,04/18/2020,13023,04/11/2020,67722,733499,9.23
Idaho,04/25/2020,8827,04/18/2020,71416,733499,9.74
Illinois,01/04/2020,11779,12/28/2019,125348,5902475,2.12
Illinois,01/11/2020,12703,01/04/2020,136523,5910898,2.31
Illinois,01/18/2020,14807,01/11/2020,133967,5910898,2.27
Illinois,01/25/2020,9762,01/18/2020,131469,5910898,2.22
Illinois,02/01/2020,9343,01/25/2020,143239,5910898,2.42
Illinois,02/08/2020,9794,02/01/2020,130900,5910898,2.21
Illinois,02/15/2020,8045,02/08/2020,133765,5910898,2.26
Illinois,02/22/2020,11812,02/15/2020,131171,5910898,2.22
Illinois,02/29/2020,8980,02/22/2020,132123,5910898,2.24
Illinois,03/07/2020,8727,02/29/2020,136396,5910898,2.31
Illinois,03/14/2020,11305,03/07/2020,130293,5910898,2.20
Illinois,03/21/2020,126716,03/14/2020,125422,5910898,2.12
Illinois,03/28/2020,185575,03/21/2020,132058,5910898,2.23
Illinois,04/04/2020,202157,03/28/2020,263018,5910898,4.45
Illinois,04/11/2020,140787,04/04/2020,452826,5914575,7.66
Illinois,04/18/2020,118996,04/11/2020,569200,5914575,9.62
Illinois,04/25/2020,101322,04/18/2020,681002,5914575,11.51
Indiana,01/04/2020,4434,12/28/2019,20062,3034091,0.66
Indiana,01/11/2020,4890,01/04/2020,21524,3039304,0.71
Indiana,01/18/2020,3741,01/11/2020,21626,3039304,0.71
Indiana,01/25/2020,2956,01/18/2020,21366,3039304,0.70
Indiana,02/01/2020,3016,01/25/2020,22017,3039304,0.72
Indiana,02/08/2020,2725,02/01/2020,22212,3039304,0.73
Indiana,02/15/2020,2556,02/08/2020,22352,3039304,0.74
Indiana,02/22/2020,2979,02/15/2020,22913,3039304,0.75
Indiana,02/29/2020,2276,02/22/2020,22994,3039304,0.76
Indiana,03/07/2020,2223,02/29/2020,22586,3039304,0.74
Indiana,03/14/2020,2596,03/07/2020,21473,3039304,0.71
Indiana,03/21/2020,59755,03/14/2020,20778,3039304,0.68
Indiana,03/28/2020,139174,03/21/2020,28987,3039304,0.95
Indiana,04/04/2020,127010,03/28/2020,71737,3039304,2.36
Indiana,04/11/2020,113755,04/04/2020,147583,3041986,4.85
Indiana,04/18/2020,72756,04/11/2020,206386,3041986,6.78
Indiana,04/25/2020,55774,04/18/2020,253929,3041986,8.35
Iowa,01/04/2020,4586,12/28/2019,34549,1529213,2.26
Iowa,01/11/2020,4836,01/04/2020,34540,1530920,2.26
Iowa,01/18/2020,3615,01/11/2020,29625,1530920,1.94
Iowa,01/25/2020,3115,01/18/2020,30369,1530920,1.98
Iowa,02/01/2020,3066,01/25/2020,30890,1530920,2.02
Iowa,02/08/2020,2379,02/01/2020,30789,1530920,2.01
Iowa,02/15/2020,2239,02/08/2020,30799,1530920,2.01
Iowa,02/22/2020,2631,02/15/2020,30741,1530920,2.01
Iowa,02/29/2020,2240,02/22/2020,30516,1530920,1.99
Iowa,03/07/2020,2221,02/29/2020,29424,1530920,1.92
Iowa,03/14/2020,2229,03/07/2020,27816,1530920,1.82
Iowa,03/21/2020,40952,03/14/2020,26496,1530920,1.73
Iowa,03/28/2020,55966,03/21/2020,53650,1530920,3.50
Iowa,04/04/2020,64194,03/28/2020,91631,1530920,5.99
Iowa,04/11/2020,43889,04/04/2020,127332,1531621,8.31
Iowa,04/18/2020,26901,04/11/2020,150445,1531621,9.82
Iowa,04/25/2020,27220,04/18/2020,168971,1531621,11.03
Kansas,01/04/2020,2019,12/28/2019,11175,1359781,0.82
Kansas,01/11/2020,2140,01/04/2020,11431,1363114,0.84
Kansas,01/18/2020,2402,01/11/2020,10638,1363114,0.78
Kansas,01/25/2020,2557,01/18/2020,11182,1363114,0.82
Kansas,02/01/2020,2000,01/25/2020,12301,1363114,0.90
Kansas,02/08/2020,2107,02/01/2020,11809,1363114,0.87
Kansas,02/15/2020,2076,02/08/2020,11666,1363114,0.86
Kansas,02/22/2020,1494,02/15/2020,12003,1363114,0.88
Kansas,02/29/2020,1517,02/22/2020,11505,1363114,0.84
Kansas,03/07/2020,1365,02/29/2020,11003,1363115,0.81
Kansas,03/14/2020,1755,03/07/2020,9771,1363114,0.72
Kansas,03/21/2020,23563,03/14/2020,9973,1363114,0.73
Kansas,03/28/2020,54330,03/21/2020,17558,1363114,1.29
Kansas,04/04/2020,49306,03/28/2020,51425,1363114,3.77
Kansas,04/11/2020,29873,04/04/2020,78334,1364944,5.74
Kansas,04/18/2020,30596,04/11/2020,97478,1364944,7.14
Kansas,04/25/2020,24483,04/18/2020,119022,1364944,8.72
Kentucky,01/04/2020,5175,12/28/2019,22515,1890475,1.19
Kentucky,01/11/2020,3968,01/04/2020,25124,1890475,1.33
Kentucky,01/18/2020,3084,01/11/2020,24066,1890475,1.27
Kentucky,01/25/2020,2569,01/18/2020,22874,1890475,1.21
Kentucky,02/01/2020,2625,01/25/2020,23219,1890475,1.23
Kentucky,02/08/2020,2936,02/01/2020,22937,1890475,1.21
Kentucky,02/15/2020,2813,02/08/2020,23076,1890475,1.22
Kentucky,02/22/2020,2508,02/15/2020,22623,1890475,1.20
Kentucky,02/29/2020,2223,02/22/2020,23733,1890475,1.26
Kentucky,03/07/2020,2463,02/29/2020,22770,1890475,1.20
Kentucky,03/14/2020,2785,03/07/2020,22940,1890475,1.21
Kentucky,03/21/2020,49023,03/14/2020,22328,1890475,1.18
Kentucky,03/28/2020,113149,03/21/2020,24361,1890475,1.29
Kentucky,04/04/2020,117575,03/28/2020,130151,1890475,6.88
Kentucky,04/11/2020,116277,04/04/2020,182097,1893451,9.62
Kentucky,04/18/2020,103981,04/11/2020,199030,1893451,10.51
Kentucky,04/25/2020,91223,04/18/2020,260792,1893451,13.77
Louisiana,01/04/2020,1658,12/28/2019,16553,1890973,0.88
Louisiana,01/11/2020,2521,01/04/2020,15957,1892522,0.84
Louisiana,01/18/2020,2008,01/11/2020,16076,1892522,0.85
Louisiana,01/25/2020,1878,01/18/2020,15500,1892522,0.82
Louisiana,02/01/2020,2058,01/25/2020,16189,1892522,0.86
Louisiana,02/08/2020,1805,02/01/2020,15051,1892522,0.80
Louisiana,02/15/2020,1739,02/08/2020,15057,1892522,0.80
Louisiana,02/22/2020,1798,02/15/2020,14640,1892522,0.77
Louisiana,02/29/2020,1509,02/22/2020,15289,1892522,0.81
Louisiana,03/07/2020,1698,02/29/2020,14199,1892522,0.75
Louisiana,03/14/2020,2255,03/07/2020,13987,1892522,0.74
Louisiana,03/21/2020,72438,03/14/2020,14143,1892522,0.75
Louisiana,03/28/2020,97400,03/21/2020,58027,1892522,3.07
Louisiana,04/04/2020,100621,03/28/2020,116690,1892522,6.17
Louisiana,04/11/2020,79653,04/04/2020,217532,1891334,11.50
Louisiana,04/18/2020,91923,04/11/2020,246296,1891334,13.02
Louisiana,04/25/2020,66141,04/18/2020,300657,1891334,15.90
Maine,01/04/2020,1663,12/28/2019,7828,601875,1.30
Maine,01/11/2020,1561,01/04/2020,7832,602736,1.30
Maine,01/18/2020,959,01/11/2020,8661,602736,1.44
Maine,01/25/2020,944,01/18/2020,8457,602736,1.40
Maine,02/01/2020,881,01/25/2020,8916,602736,1.48
Maine,02/08/2020,702,02/01/2020,8809,602736,1.46
Maine,02/15/2020,790,02/08/2020,8896,602736,1.48
Maine,02/22/2020,737,02/15/2020,8624,602736,1.43
Maine,02/29/2020,862,02/22/2020,9007,602736,1.49
Maine,03/07/2020,715,02/29/2020,8739,602736,1.45
Maine,03/14/2020,634,03/07/2020,8451,602736,1.40
Maine,03/21/2020,21459,03/14/2020,8703,602736,1.44
Maine,03/28/2020,23770,03/21/2020,21967,602736,3.64
Maine,04/04/2020,30910,03/28/2020,41339,602736,6.86
Maine,04/11/2020,13488,04/04/2020,55723,603932,9.23
Maine,04/18/2020,11769,04/11/2020,66525,603932,11.02
Maine,04/25/2020,7661,04/18/2020,73141,603932,12.11
Maryland,01/04/2020,3997,12/28/2019,30571,2547265,1.20
Maryland,01/11/2020,4627,01/04/2020,31292,2549408,1.23
Maryland,01/18/2020,3739,01/11/2020,29203,2549408,1.15
Maryland,01/25/2020,3283,01/18/2020,29231,2549408,1.15
Maryland,02/01/2020,3203,01/25/2020,29788,2549408,1.17
Maryland,02/08/2020,3150,02/01/2020,29342,2549408,1.15
Maryland,02/15/2020,3048,02/08/2020,29219,2549408,1.15
Maryland,02/22/2020,2700,02/15/2020,29095,2549408,1.14
Maryland,02/29/2020,2626,02/22/2020,28412,2549408,1.11
Maryland,03/07/2020,2675,02/29/2020,28068,2549408,1.10
Maryland,03/14/2020,3864,03/07/2020,27046,2549408,1.06
Maryland,03/21/2020,42981,03/14/2020,26467,2549408,1.04
Maryland,03/28/2020,85317,03/21/2020,47973,2549408,1.88
Maryland,04/04/2020,109496,03/28/2020,92112,2549408,3.61
Maryland,04/11/2020,62904,04/04/2020,160906,2555073,6.30
Maryland,04/18/2020,48495,04/11/2020,201432,2555073,7.88
Maryland,04/25/2020,37935,04/18/2020,224260,2555073,8.78
Massachusetts,01/04/2020,9464,12/28/2019,76528,3546144,2.16
Massachusetts,01/11/2020,8784,01/04/2020,79521,3557761,2.24
Massachusetts,01/18/2020,6940,01/11/2020,75076,3557761,2.11
Massachusetts,01/25/2020,6022,01/18/2020,75529,3557761,2.12
Massachusetts,02/01/2020,5523,01/25/2020,76927,3557761,2.16
Massachusetts,02/08/2020,5878,02/01/2020,76492,3557761,2.15
Massachusetts,02/15/2020,5393,02/08/2020,76912,3557761,2.16
Massachusetts,02/22/2020,9264,02/15/2020,77091,3557761,2.17
Massachusetts,02/29/2020,4865,02/22/2020,83220,3557761,2.34
Massachusetts,03/07/2020,4712,02/29/2020,75552,3557761,2.12
Massachusetts,03/14/2020,7449,03/07/2020,74336,3557761,2.09
Massachusetts,03/21/2020,148452,03/14/2020,83127,3557761,2.34
Massachusetts,03/28/2020,181423,03/21/2020,183105,3557761,5.15
Massachusetts,04/04/2020,139647,03/28/2020,310211,3557761,8.72
Massachusetts,04/11/2020,103813,04/04/2020,361600,3568892,10.13
Massachusetts,04/18/2020,80969,04/11/2020,467552,3568892,13.10
Massachusetts,04/25/2020,71358,04/18/2020,532508,3568892,14.92
Michigan,01/04/2020,13207,12/28/2019,72103,4298761,1.68
Michigan,01/11/2020,14245,01/04/2020,89760,4302198,2.09
Michigan,01/18/2020,10304,01/11/2020,84136,4302198,1.96
Michigan,01/25/2020,7678,01/18/2020,91306,4302198,2.12
Michigan,02/01/2020,6869,01/25/2020,82775,4302198,1.92
Michigan,02/08/2020,6627,02/01/2020,79833,4302198,1.86
Michigan,02/15/2020,5587,02/08/2020,79149,4302198,1.84
Michigan,02/22/2020,5942,02/15/2020,78029,4302198,1.81
Michigan,02/29/2020,5419,02/22/2020,78570,4302198,1.83
Michigan,03/07/2020,5150,02/29/2020,77661,4302198,1.81
Michigan,03/14/2020,5338,03/07/2020,75757,4302198,1.76
Michigan,03/21/2020,128006,03/14/2020,75075,4302198,1.75
Michigan,03/28/2020,304335,03/21/2020,88183,4302198,2.05
Michigan,04/04/2020,388554,03/28/2020,366426,4302198,8.52
Michigan,04/11/2020,222207,04/04/2020,749011,4305711,17.40
Michigan,04/18/2020,136707,04/11/2020,937520,4305711,21.77
Michigan,04/25/2020,82004,04/18/2020,934599,4305711,21.71
Minnesota,01/04/2020,7293,12/28/2019,68226,2853412,2.39
Minnesota,01/11/2020,5933,01/04/2020,66377,2859937,2.32
Minnesota,01/18/2020,4463,01/11/2020,62628,2859937,2.19
Minnesota,01/25/2020,3931,01/18/2020,61704,2859937,2.16
Minnesota,02/01/2020,3700,01/25/2020,62189,2859937,2.17
Minnesota,02/08/2020,4108,02/01/2020,64105,2859937,2.24
Minnesota,02/15/2020,3641,02/08/2020,63956,2859937,2.24
Minnesota,02/22/2020,3539,02/15/2020,62200,2859937,2.17
Minnesota,02/29/2020,3410,02/22/2020,61696,2859937,2.16
Minnesota,03/07/2020,3488,02/29/2020,62767,2859937,2.19
Minnesota,03/14/2020,4010,03/07/2020,61781,2859937,2.16
Minnesota,03/21/2020,115773,03/14/2020,66787,2859937,2.34
Minnesota,03/28/2020,109095,03/21/2020,160873,2859937,5.63
Minnesota,04/04/2020,110260,03/28/2020,248023,2859937,8.67
Minnesota,04/11/2020,93133,04/04/2020,341578,2864234,11.93
Minnesota,04/18/2020,74829,04/11/2020,391284,2864234,13.66
Minnesota,04/25/2020,48595,04/18/2020,416993,2864234,14.56
Mississippi,01/04/2020,1178,12/28/2019,9681,1107596,0.87
Mississippi,01/11/2020,1515,01/04/2020,9536,1108618,0.86
Mississippi,01/18/2020,1135,01/11/2020,8804,1108618,0.79
Mississippi,01/25/2020,993,01/18/2020,8562,1108618,0.77
Mississippi,02/01/2020,963,01/25/2020,8674,1108618,0.78
Mississippi,02/08/2020,968,02/01/2020,8261,1108618,0.75
Mississippi,02/15/2020,861,02/08/2020,8216,1108618,0.74
Mississippi,02/22/2020,827,02/15/2020,7922,1108618,0.71
Mississippi,02/29/2020,744,02/22/2020,7842,1108618,0.71
Mississippi,03/07/2020,879,02/29/2020,7416,1108618,0.67
Mississippi,03/14/2020,1147,03/07/2020,7098,1108618,0.64
Mississippi,03/21/2020,5519,03/14/2020,6667,1108618,0.60
Mississippi,03/28/2020,32015,03/21/2020,9581,1108618,0.86
Mississippi,04/04/2020,45852,03/28/2020,29373,1108618,2.65
Mississippi,04/11/2020,45748,04/04/2020,60737,1109819,5.47
Mississippi,04/18/2020,36913,04/11/2020,93005,1109819,8.38
Mississippi,04/25/2020,29906,04/18/2020,135722,1109819,12.23
Missouri,01/04/2020,7474,12/28/2019,29785,2745404,1.08
Missouri,01/11/2020,10913,01/04/2020,30140,2749100,1.10
Missouri,01/18/2020,4938,01/11/2020,29945,2749100,1.09
Missouri,01/25/2020,5474,01/18/2020,29170,2749100,1.06
Missouri,02/01/2020,4801,01/25/2020,29854,2749100,1.09
Missouri,02/08/2020,3670,02/01/2020,27906,2749100,1.02
Missouri,02/15/2020,3363,02/08/2020,27362,2749100,1.00
Missouri,02/22/2020,3063,02/15/2020,27035,2749100,0.98
Missouri,02/29/2020,2732,02/22/2020,26949,2749100,0.98
Missouri,03/07/2020,2994,02/29/2020,25225,2749100,0.92
Missouri,03/14/2020,4016,03/07/2020,22381,2749100,0.81
Missouri,03/21/2020,42246,03/14/2020,21538,2749100,0.78
Missouri,03/28/2020,104291,03/21/2020,49470,2749100,1.80
Missouri,04/04/2020,91458,03/28/2020,121467,2749100,4.42
Missouri,04/11/2020,102126,04/04/2020,178710,2794254,6.40
Missouri,04/18/2020,59602,04/11/2020,227557,2794254,8.14
Missouri,04/25/2020,55299,04/18/2020,255798,2794254,9.15
Montana,01/04/2020,1555,12/28/2019,11056,453040,2.44
Montana,01/11/2020,1755,01/04/2020,11756,454298,2.59
Montana,01/18/2020,1236,01/11/2020,11254,454298,2.48
Montana,01/25/2020,922,01/18/2020,11830,454298,2.60
Montana,02/01/2020,902,01/25/2020,11527,454298,2.54
Montana,02/08/2020,935,02/01/2020,11489,454298,2.53
Montana,02/15/2020,921,02/08/2020,11479,454298,2.53
Montana,02/22/2020,795,02/15/2020,11308,454298,2.49
Montana,02/29/2020,695,02/22/2020,11296,454298,2.49
Montana,03/07/2020,714,02/29/2020,10782,454298,2.37
Montana,03/14/2020,817,03/07/2020,10112,454298,2.23
Montana,03/21/2020,15349,03/14/2020,9818,454298,2.16
Montana,03/28/2020,20763,03/21/2020,19099,454298,4.20
Montana,04/04/2020,21244,03/28/2020,36819,454298,8.10
Montana,04/11/2020,14275,04/04/2020,53482,455906,11.73
Montana,04/18/2020,11176,04/11/2020,65073,455906,14.27
Montana,04/25/2020,7052,04/18/2020,67473,455906,14.80
North Carolina,01/04/2020,3508,12/28/2019,20848,4362309,0.48
North Carolina,01/11/2020,4628,01/04/2020,21239,4381417,0.48
North Carolina,01/18/2020,4217,01/11/2020,22247,4381417,0.51
North Carolina,01/25/2020,3344,01/18/2020,22415,4381417,0.51
North Carolina,02/01/2020,3611,01/25/2020,22342,4381417,0.51
North Carolina,02/08/2020,3326,02/01/2020,22044,4381417,0.50
North Carolina,02/15/2020,3094,02/08/2020,21972,4381417,0.50
North Carolina,02/22/2020,2852,02/15/2020,21630,4381417,0.49
North Carolina,02/29/2020,1767,02/22/2020,21188,4381417,0.48
North Carolina,03/07/2020,2575,02/29/2020,20196,4381417,0.46
North Carolina,03/14/2020,3533,03/07/2020,19683,4381417,0.45
North Carolina,03/21/2020,94083,03/14/2020,20652,4381417,0.47
North Carolina,03/28/2020,172145,03/21/2020,75220,4381417,1.72
North Carolina,04/04/2020,137422,03/28/2020,245692,4381417,5.61
North Carolina,04/11/2020,140155,04/04/2020,362989,4402750,8.24
North Carolina,04/18/2020,106266,04/11/2020,468283,4402750,10.64
North Carolina,04/25/2020,98941,04/18/2020,555039,4402750,12.61
North Dakota,01/04/2020,836,12/28/2019,5785,409901,1.41
North Dakota,01/11/2020,1530,01/04/2020,6171,411624,1.50
North Dakota,01/18/2020,785,01/11/2020,6809,411624,1.65
North Dakota,01/25/2020,543,01/18/2020,7179,411624,1.74
North Dakota,02/01/2020,447,01/25/2020,6782,411624,1.65
North Dakota,02/08/2020,526,02/01/2020,6838,411624,1.66
North Dakota,02/15/2020,457,02/08/2020,6924,411624,1.68
North Dakota,02/22/2020,435,02/15/2020,6886,411624,1.67
North Dakota,02/29/2020,363,02/22/2020,6795,411624,1.65
North Dakota,03/07/2020,423,02/29/2020,6543,411624,1.59
North Dakota,03/14/2020,415,03/07/2020,6349,411624,1.54
North Dakota,03/21/2020,5662,03/14/2020,6169,411624,1.50
North Dakota,03/28/2020,11818,03/21/2020,8534,411624,2.07
North Dakota,04/04/2020,15125,03/28/2020,16036,411624,3.90
North Dakota,04/11/2020,9502,04/04/2020,24554,412797,5.95
North Dakota,04/18/2020,8065,04/11/2020,33563,412797,8.13
North Dakota,04/25/2020,6274,04/18/2020,35513,412797,8.60
Nebraska,01/04/2020,1099,12/28/2019,5165,963465,0.54
Nebraska,01/11/2020,1171,01/04/2020,5694,962725,0.59
Nebraska,01/18/2020,988,01/11/2020,4940,962725,0.51
Nebraska,01/25/2020,960,01/18/2020,5107,962725,0.53
Nebraska,02/01/2020,833,01/25/2020,5884,962725,0.61
Nebraska,02/08/2020,675,02/01/2020,5693,962725,0.59
Nebraska,02/15/2020,537,02/08/2020,5804,962725,0.60
Nebraska,02/22/2020,493,02/15/2020,5780,962725,0.60
Nebraska,02/29/2020,502,02/22/2020,6286,962725,0.65
Nebraska,03/07/2020,501,02/29/2020,5581,962725,0.58
Nebraska,03/14/2020,795,03/07/2020,5076,962725,0.53
Nebraska,03/21/2020,15700,03/14/2020,4859,962725,0.50
Nebraska,03/28/2020,24725,03/21/2020,16641,962725,1.73
Nebraska,04/04/2020,27054,03/28/2020,38921,962725,4.04
Nebraska,04/11/2020,16279,04/04/2020,60416,965476,6.26
Nebraska,04/18/2020,12222,04/11/2020,72078,965476,7.47
Nebraska,04/25/2020,8229,04/18/2020,76628,965476,7.94
New Hampshire,01/04/2020,690,12/28/2019,4468,652934,0.68
New Hampshire,01/11/2020,722,01/04/2020,4575,654468,0.70
New Hampshire,01/18/2020,613,01/11/2020,4215,654468,0.64
New Hampshire,01/25/2020,577,01/18/2020,4202,654468,0.64
New Hampshire,02/01/2020,456,01/25/2020,4033,654468,0.62
New Hampshire,02/08/2020,507,02/01/2020,4050,654468,0.62
New Hampshire,02/15/2020,424,02/08/2020,4015,654468,0.61
New Hampshire,02/22/2020,444,02/15/2020,3936,654468,0.60
New Hampshire,02/29/2020,894,02/22/2020,4048,654468,0.62
New Hampshire,03/07/2020,495,02/29/2020,4475,654468,0.68
New Hampshire,03/14/2020,642,03/07/2020,3909,654468,0.60
New Hampshire,03/21/2020,29379,03/14/2020,4024,654468,0.61
New Hampshire,03/28/2020,31378,03/21/2020,27321,654468,4.17
New Hampshire,04/04/2020,39202,03/28/2020,52166,654468,7.97
New Hampshire,04/11/2020,25273,04/04/2020,79979,649845,12.31
New Hampshire,04/18/2020,20414,04/11/2020,93783,649845,14.43
New Hampshire,04/25/2020,15001,04/18/2020,106841,649845,16.44
New Jersey,01/04/2020,15325,12/28/2019,111335,4007202,2.78
New Jersey,01/11/2020,13469,01/04/2020,120461,4015146,3.00
New Jersey,01/18/2020,10728,01/11/2020,108425,4015146,2.70
New Jersey,01/25/2020,9325,01/18/2020,107082,4015146,2.67
New Jersey,02/01/2020,8304,01/25/2020,110022,4015146,2.74
New Jersey,02/08/2020,9288,02/01/2020,109931,4015146,2.74
New Jersey,02/15/2020,8550,02/08/2020,110016,4015146,2.74
New Jersey,02/22/2020,8396,02/15/2020,109265,4015146,2.72
New Jersey,02/29/2020,7773,02/22/2020,110902,4015146,2.76
New Jersey,03/07/2020,7996,02/29/2020,107646,4015146,2.68
New Jersey,03/14/2020,9467,03/07/2020,104283,4015146,2.60
New Jersey,03/21/2020,115815,03/14/2020,105840,4015146,2.64
New Jersey,03/28/2020,206253,03/21/2020,156181,4015146,3.89
New Jersey,04/04/2020,214836,03/28/2020,276119,4015146,6.88
New Jersey,04/11/2020,141420,04/04/2020,429388,4025826,10.67
New Jersey,04/18/2020,140139,04/11/2020,556005,4025826,13.81
New Jersey,04/25/2020,71966,04/18/2020,621753,4025826,15.44
New Mexico,01/04/2020,799,12/28/2019,10140,796105,1.27
New Mexico,01/11/2020,1194,01/04/2020,10310,799085,1.29
New Mexico,01/18/2020,947,01/11/2020,9920,799085,1.24
New Mexico,01/25/2020,764,01/18/2020,10137,799085,1.27
New Mexico,02/01/2020,784,01/25/2020,10066,799085,1.26
New Mexico,02/08/2020,873,02/01/2020,9965,799085,1.25
New Mexico,02/15/2020,725,02/08/2020,9987,799085,1.25
New Mexico,02/22/2020,737,02/15/2020,10051,799085,1.26
New Mexico,02/29/2020,681,02/22/2020,10039,799085,1.26
New Mexico,03/07/2020,690,02/29/2020,9845,799085,1.23
New Mexico,03/14/2020,869,03/07/2020,9566,799085,1.20
New Mexico,03/21/2020,18105,03/14/2020,9288,799085,1.16
New Mexico,03/28/2020,27849,03/21/2020,20087,799085,2.51
New Mexico,04/04/2020,26132,03/28/2020,44829,799085,5.61
New Mexico,04/11/2020,19043,04/04/2020,62686,802978,7.81
New Mexico,04/18/2020,13621,04/11/2020,80986,802978,10.09
New Mexico,04/25/2020,12093,04/18/2020,94149,802978,11.72
Nevada,01/04/2020,2264,12/28/2019,20801,1362256,1.53
Nevada,01/11/2020,2792,01/04/2020,19823,1371969,1.44
Nevada,01/18/2020,2451,01/11/2020,19328,1371969,1.41
Nevada,01/25/2020,2101,01/18/2020,19025,1371969,1.39
Nevada,02/01/2020,2286,01/25/2020,19177,1371969,1.40
Nevada,02/08/2020,2794,02/01/2020,19225,1371969,1.40
Nevada,02/15/2020,2543,02/08/2020,19585,1371969,1.43
Nevada,02/22/2020,2052,02/15/2020,19472,1371969,1.42
Nevada,02/29/2020,2324,02/22/2020,20044,1371969,1.46
Nevada,03/07/2020,2309,02/29/2020,19850,1371969,1.45
Nevada,03/14/2020,6356,03/07/2020,19475,1371969,1.42
Nevada,03/21/2020,92298,03/14/2020,19822,1371969,1.44
Nevada,03/28/2020,71942,03/21/2020,58798,1371969,4.29
Nevada,04/04/2020,79285,03/28/2020,131121,1371969,9.56
Nevada,04/11/2020,58641,04/04/2020,189007,1379654,13.70
Nevada,04/18/2020,39496,04/11/2020,231618,1379654,16.79
Nevada,04/25/2020,42541,04/18/2020,274850,1379654,19.92
New York,01/04/2020,44846,12/28/2019,181668,9351620,1.94
New York,01/11/2020,23314,01/04/2020,184283,9380736,1.96
New York,01/18/2020,17823,01/11/2020,164588,9380736,1.75
New York,01/25/2020,15022,01/18/2020,164044,9380736,1.75
New York,02/01/2020,16545,01/25/2020,165715,9380736,1.77
New York,02/08/2020,15010,02/01/2020,163393,9380736,1.74
New York,02/15/2020,14333,02/08/2020,164111,9380736,1.75
New York,02/22/2020,14144,02/15/2020,163220,9380736,1.74
New York,02/29/2020,31208,02/22/2020,182691,9380736,1.95
New York,03/07/2020,14035,02/29/2020,161892,9380736,1.73
New York,03/14/2020,14272,03/07/2020,158268,9380736,1.69
New York,03/21/2020,79999,03/14/2020,167214,9380736,1.78
New York,03/28/2020,366595,03/21/2020,314710,9380736,3.35
New York,04/04/2020,344451,03/28/2020,712544,9380736,7.60
New York,04/11/2020,394701,04/04/2020,1121191,9408510,11.92
New York,04/18/2020,205184,04/11/2020,1354496,9408510,14.40
New York,04/25/2020,219413,04/18/2020,1616809,9408510,17.18
Ohio,01/04/2020,10759,12/28/2019,73287,5327431,1.38
Ohio,01/11/2020,9957,01/04/2020,78391,5338723,1.47
Ohio,01/18/2020,7865,01/11/2020,72855,5338723,1.36
Ohio,01/25/2020,8086,01/18/2020,72002,5338723,1.35
Ohio,02/01/2020,7329,01/25/2020,72622,5338723,1.36
Ohio,02/08/2020,6825,02/01/2020,71442,5338723,1.34
Ohio,02/15/2020,6532,02/08/2020,71214,5338723,1.33
Ohio,02/22/2020,6208,02/15/2020,70924,5338723,1.33
Ohio,02/29/2020,9916,02/22/2020,70655,5338723,1.32
Ohio,03/07/2020,6545,02/29/2020,73123,5338723,1.37
Ohio,03/14/2020,7046,03/07/2020,68516,5338723,1.28
Ohio,03/21/2020,196309,03/14/2020,68323,5338723,1.28
Ohio,03/28/2020,274288,03/21/2020,214273,5338723,4.01
Ohio,04/04/2020,226191,03/28/2020,450061,5338723,8.43
Ohio,04/11/2020,159317,04/04/2020,622669,5346565,11.65
Ohio,04/18/2020,109830,04/11/2020,717842,5346565,13.43
Ohio,04/25/2020,93599,04/18/2020,777214,5346565,14.54
Oklahoma,01/04/2020,2943,12/28/2019,18080,1560077,1.16
Oklahoma,01/11/2020,2034,01/04/2020,19387,1565634,1.24
Oklahoma,01/18/2020,1981,01/11/2020,17467,1565634,1.12
Oklahoma,01/25/2020,1830,01/18/2020,17291,1565634,1.10
Oklahoma,02/01/2020,1779,01/25/2020,17451,1565634,1.11
Oklahoma,02/08/2020,1715,02/01/2020,17757,1565634,1.13
Oklahoma,02/15/2020,1633,02/08/2020,17513,1565634,1.12
Oklahoma,02/22/2020,1509,02/15/2020,17269,1565634,1.10
Oklahoma,02/29/2020,1458,02/22/2020,16929,1565634,1.08
Oklahoma,03/07/2020,1569,02/29/2020,17067,1565634,1.09
Oklahoma,03/14/2020,1836,03/07/2020,16482,1565634,1.05
Oklahoma,03/21/2020,21926,03/14/2020,16854,1565634,1.08
Oklahoma,03/28/2020,47744,03/21/2020,25268,1565634,1.61
Oklahoma,04/04/2020,60534,03/28/2020,55029,1565634,3.51
Oklahoma,04/11/2020,54481,04/04/2020,88330,1568967,5.63
Oklahoma,04/18/2020,46696,04/11/2020,112311,1568967,7.16
Oklahoma,04/25/2020,52500,04/18/2020,134550,1568967,8.58
Oregon,01/04/2020,6714,12/28/2019,35451,1898680,1.87
Oregon,01/11/2020,6215,01/04/2020,36039,1906429,1.89
Oregon,01/18/2020,4051,01/11/2020,31604,1906429,1.66
Oregon,01/25/2020,4457,01/18/2020,32306,1906429,1.69
Oregon,02/01/2020,4853,01/25/2020,31876,1906429,1.67
Oregon,02/08/2020,4953,02/01/2020,31658,1906429,1.66
Oregon,02/15/2020,4284,02/08/2020,31167,1906429,1.63
Oregon,02/22/2020,3514,02/15/2020,30548,1906429,1.60
Oregon,02/29/2020,3936,02/22/2020,30165,1906429,1.58
Oregon,03/07/2020,4154,02/29/2020,29517,1906429,1.55
Oregon,03/14/2020,4269,03/07/2020,29002,1906429,1.52
Oregon,03/21/2020,30054,03/14/2020,30523,1906429,1.60
Oregon,03/28/2020,47498,03/21/2020,63930,1906429,3.35
Oregon,04/04/2020,62788,03/28/2020,118729,1906429,6.23
Oregon,04/11/2020,54581,04/04/2020,176154,1914153,9.20
Oregon,04/18/2020,37209,04/11/2020,217039,1914153,11.34
Oregon,04/25/2020,49300,04/18/2020,284486,1914153,14.86
Pennsylvania,01/04/2020,27298,12/28/2019,135411,5787653,2.34
Pennsylvania,01/11/2020,26356,01/04/2020,163882,5800562,2.83
Pennsylvania,01/18/2020,16218,01/11/2020,142326,5800562,2.45
Pennsylvania,01/25/2020,13359,01/18/2020,140027,5800562,2.41
Pennsylvania,02/01/2020,15893,01/25/2020,135951,5800562,2.34
Pennsylvania,02/08/2020,14425,02/01/2020,142004,5800562,2.45
Pennsylvania,02/15/2020,13583,02/08/2020,136149,5800562,2.35
Pennsylvania,02/22/2020,12631,02/15/2020,142306,5800562,2.45
Pennsylvania,02/29/2020,12045,02/22/2020,135095,5800562,2.33
Pennsylvania,03/07/2020,12227,02/29/2020,136931,5800562,2.36
Pennsylvania,03/14/2020,15439,03/07/2020,128842,5800562,2.22
Pennsylvania,03/21/2020,377451,03/14/2020,128029,5800562,2.21
Pennsylvania,03/28/2020,404677,03/21/2020,135708,5800562,2.34
Pennsylvania,04/04/2020,277640,03/28/2020,566464,5800562,9.77
Pennsylvania,04/11/2020,234868,04/04/2020,614196,5814461,10.56
Pennsylvania,04/18/2020,194594,04/11/2020,1074660,5814461,18.48
Pennsylvania,04/25/2020,127896,04/18/2020,915249,5814461,15.74
Puerto Rico,01/04/2020,853,12/28/2019,17194,848044,2.03
Puerto Rico,01/11/2020,836,01/04/2020,15746,852292,1.85
Puerto Rico,01/18/2020,3124,01/11/2020,22291,852292,2.62
Puerto Rico,01/25/2020,2335,01/18/2020,22725,852292,2.67
Puerto Rico,02/01/2020,1998,01/25/2020,23857,852292,2.80
Puerto Rico,02/08/2020,1770,02/01/2020,23157,852292,2.72
Puerto Rico,02/15/2020,1588,02/08/2020,21114,852292,2.48
Puerto Rico,02/22/2020,1390,02/15/2020,20765,852292,2.44
Puerto Rico,02/29/2020,1296,02/22/2020,19480,852292,2.29
Puerto Rico,03/07/2020,1343,02/29/2020,18657,852292,2.19
Puerto Rico,03/14/2020,1172,03/07/2020,18704,852292,2.19
Puerto Rico,03/21/2020,20148,03/14/2020,15239,852292,1.79
Puerto Rico,03/28/2020,45394,03/21/2020,19230,852292,2.26
Puerto Rico,04/04/2020,66555,03/28/2020,49669,852292,5.83
Puerto Rico,04/11/2020,42074,04/04/2020,86474,856124,10.10
Puerto Rico,04/18/2020,26481,04/11/2020,109672,856124,12.81
Puerto Rico,04/25/2020,17286,04/18/2020,153421,856124,17.92
Rhode Island,01/04/2020,1972,12/28/2019,12109,471911,2.57
Rhode Island,01/11/2020,1817,01/04/2020,12299,472874,2.60
Rhode Island,01/18/2020,1194,01/11/2020,10987,472874,2.32
Rhode Island,01/25/2020,1048,01/18/2020,10750,472874,2.27
Rhode Island,02/01/2020,971,01/25/2020,11042,472874,2.34
Rhode Island,02/08/2020,959,02/01/2020,11051,472874,2.34
Rhode Island,02/15/2020,996,02/08/2020,11164,472874,2.36
Rhode Island,02/22/2020,1921,02/15/2020,11199,472874,2.37
Rhode Island,02/29/2020,874,02/22/2020,12384,472874,2.62
Rhode Island,03/07/2020,700,02/29/2020,11130,472874,2.35
Rhode Island,03/14/2020,1108,03/07/2020,10692,472874,2.26
Rhode Island,03/21/2020,35847,03/14/2020,10857,472874,2.30
Rhode Island,03/28/2020,27800,03/21/2020,31847,472874,6.73
Rhode Island,04/04/2020,28243,03/28/2020,56038,472874,11.85
Rhode Island,04/11/2020,22509,04/04/2020,70935,473597,14.98
Rhode Island,04/18/2020,18078,04/11/2020,79140,473597,16.71
Rhode Island,04/25/2020,13084,04/18/2020,96663,473597,20.41
South Carolina,01/04/2020,7471,12/28/2019,18922,2070232,0.91
South Carolina,01/11/2020,4629,01/04/2020,21587,2077535,1.04
South Carolina,01/18/2020,3126,01/11/2020,18780,2077535,0.90
South Carolina,01/25/2020,2248,01/18/2020,17113,2077535,0.82
South Carolina,02/01/2020,2099,01/25/2020,17061,2077535,0.82
South Carolina,02/08/2020,2054,02/01/2020,16669,2077535,0.80
South Carolina,02/15/2020,2088,02/08/2020,16547,2077535,0.80
South Carolina,02/22/2020,1824,02/15/2020,16239,2077535,0.78
South Carolina,02/29/2020,1977,02/22/2020,15779,2077535,0.76
South Carolina,03/07/2020,1889,02/29/2020,15341,2077535,0.74
South Carolina,03/14/2020,2093,03/07/2020,15032,2077535,0.72
South Carolina,03/21/2020,31826,03/14/2020,15111,2077535,0.73
South Carolina,03/28/2020,66475,03/21/2020,30341,2077535,1.46
South Carolina,04/04/2020,86573,03/28/2020,75521,2077535,3.64
South Carolina,04/11/2020,89147,04/04/2020,126994,2087060,6.08
South Carolina,04/18/2020,74362,04/11/2020,179769,2087060,8.61
South Carolina,04/25/2020,66438,04/18/2020,240956,2087060,11.55
South Dakota,01/04/2020,398,12/28/2019,2798,416296,0.67
South Dakota,01/11/2020,468,01/04/2020,2970,417030,0.71
South Dakota,01/18/2020,338,01/11/2020,2995,417030,0.72
South Dakota,01/25/2020,291,01/18/2020,3071,417030,0.74
South Dakota,02/01/2020,217,01/25/2020,3155,417030,0.76
South Dakota,02/08/2020,223,02/01/2020,3117,417030,0.75
South Dakota,02/15/2020,194,02/08/2020,3196,417030,0.77
South Dakota,02/22/2020,191,02/15/2020,3164,417030,0.76
South Dakota,02/29/2020,159,02/22/2020,3116,417030,0.75
South Dakota,03/07/2020,185,02/29/2020,3059,417030,0.73
South Dakota,03/14/2020,190,03/07/2020,2870,417030,0.69
South Dakota,03/21/2020,1761,03/14/2020,2674,417030,0.64
South Dakota,03/28/2020,6801,03/21/2020,3538,417030,0.85
South Dakota,04/04/2020,8138,03/28/2020,7568,417030,1.81
South Dakota,04/11/2020,6359,04/04/2020,14431,417997,3.45
South Dakota,04/18/2020,5295,04/11/2020,19664,417997,4.70
South Dakota,04/25/2020,5535,04/18/2020,22707,417997,5.43
Tennessee,01/04/2020,3084,12/28/2019,22163,3250062,0.68
Tennessee,01/11/2020,3711,01/04/2020,22398,3263988,0.69
Tennessee,01/18/2020,3093,01/11/2020,20441,3263988,0.63
Tennessee,01/25/2020,2484,01/18/2020,20786,3263988,0.64
Tennessee,02/01/2020,2362,01/25/2020,21364,3263988,0.65
Tennessee,02/08/2020,2161,02/01/2020,20670,3263988,0.63
Tennessee,02/15/2020,2140,02/08/2020,20485,3263988,0.63
Tennessee,02/22/2020,1855,02/15/2020,20139,3263988,0.62
Tennessee,02/29/2020,2014,02/22/2020,20413,3263988,0.63
Tennessee,03/07/2020,2032,02/29/2020,19035,3263988,0.58
Tennessee,03/14/2020,2702,03/07/2020,18450,3263988,0.57
Tennessee,03/21/2020,38077,03/14/2020,18350,3263988,0.56
Tennessee,03/28/2020,92500,03/21/2020,37541,3263988,1.15
Tennessee,04/04/2020,112186,03/28/2020,116179,3263988,3.56
Tennessee,04/11/2020,71887,04/04/2020,206472,3278927,6.30
Tennessee,04/18/2020,67226,04/11/2020,279895,3278927,8.54
Tennessee,04/25/2020,42805,04/18/2020,341033,3278927,10.40
Texas,01/04/2020,12367,12/28/2019,141473,12168097,1.16
Texas,01/11/2020,21902,01/04/2020,140768,12236594,1.15
Texas,01/18/2020,15783,01/11/2020,145126,12236594,1.19
Texas,01/25/2020,13070,01/18/2020,132656,12236594,1.08
Texas,02/01/2020,13818,01/25/2020,140826,12236594,1.15
Texas,02/08/2020,13869,02/01/2020,128666,12236594,1.05
Texas,02/15/2020,12790,02/08/2020,133475,12236594,1.09
Texas,02/22/2020,12047,02/15/2020,127275,12236594,1.04
Texas,02/29/2020,12692,02/22/2020,133247,12236594,1.09
Texas,03/07/2020,14355,02/29/2020,125252,12236594,1.02
Texas,03/14/2020,16176,03/07/2020,127905,12236594,1.05
Texas,03/21/2020,155426,03/14/2020,126427,12236594,1.03
Texas,03/28/2020,276185,03/21/2020,144697,12236594,1.18
Texas,04/04/2020,315167,03/28/2020,374656,12236594,3.06
Texas,04/11/2020,274257,04/04/2020,632470,12304547,5.14
Texas,04/18/2020,280761,04/11/2020,911923,12304547,7.41
Texas,04/25/2020,254084,04/18/2020,962122,12304547,7.82
Utah,01/04/2020,1518,12/28/2019,11328,1454279,0.78
Utah,01/11/2020,1834,01/04/2020,11787,1459679,0.81
Utah,01/18/2020,1458,01/11/2020,12061,1459679,0.83
Utah,01/25/2020,1271,01/18/2020,12061,1459679,0.83
Utah,02/01/2020,1290,01/25/2020,11872,1459679,0.81
Utah,02/08/2020,1303,02/01/2020,12187,1459679,0.83
Utah,02/15/2020,1097,02/08/2020,12131,1459679,0.83
Utah,02/22/2020,1008,02/15/2020,11960,1459679,0.82
Utah,02/29/2020,885,02/22/2020,11451,1459679,0.78
Utah,03/07/2020,1015,02/29/2020,11077,1459679,0.76
Utah,03/14/2020,1305,03/07/2020,10701,1459679,0.73
Utah,03/21/2020,19690,03/14/2020,10826,1459679,0.74
Utah,03/28/2020,28532,03/21/2020,24635,1459679,1.69
Utah,04/04/2020,33040,03/28/2020,45161,1459679,3.09
Utah,04/11/2020,24515,04/04/2020,72798,1474336,4.94
Utah,04/18/2020,19649,04/11/2020,88281,1474336,5.99
Utah,04/25/2020,11738,04/18/2020,89495,1474336,6.07
Vermont,01/04/2020,680,12/28/2019,5417,303175,1.79
Vermont,01/11/2020,649,01/04/2020,5609,303508,1.85
Vermont,01/18/2020,755,01/11/2020,4961,303508,1.63
Vermont,01/25/2020,518,01/18/2020,4986,303508,1.64
Vermont,02/01/2020,481,01/25/2020,5006,303508,1.65
Vermont,02/08/2020,475,02/01/2020,4824,303508,1.59
Vermont,02/15/2020,543,02/08/2020,4931,303508,1.62
Vermont,02/22/2020,610,02/15/2020,4872,303508,1.61
Vermont,02/29/2020,863,02/22/2020,5039,303508,1.66
Vermont,03/07/2020,446,02/29/2020,5219,303508,1.72
Vermont,03/14/2020,659,03/07/2020,4896,303508,1.61
Vermont,03/21/2020,3784,03/14/2020,4810,303508,1.58
Vermont,03/28/2020,14633,03/21/2020,13797,303508,4.55
Vermont,04/04/2020,16474,03/28/2020,21953,303508,7.23
Vermont,04/11/2020,9662,04/04/2020,31204,303379,10.29
Vermont,04/18/2020,6598,04/11/2020,64313,303379,21.20
Vermont,04/25/2020,5117,04/18/2020,76457,303379,25.20
Virgin Islands,01/04/2020,10,12/28/2019,468,33306,1.41
Virgin Islands,01/11/2020,24,01/04/2020,534,34238,1.56
Virgin Islands,01/18/2020,40,01/11/2020,562,34238,1.64
Virgin Islands,01/25/2020,44,01/18/2020,552,34238,1.61
Virgin Islands,02/01/2020,35,01/25/2020,516,34238,1.51
Virgin Islands,02/08/2020,45,02/01/2020,522,34238,1.52
Virgin Islands,02/15/2020,40,02/08/2020,508,34238,1.48
Virgin Islands,02/22/2020,55,02/15/2020,508,34238,1.48
Virgin Islands,02/29/2020,37,02/22/2020,562,34238,1.64
Virgin Islands,03/07/2020,64,02/29/2020,586,34238,1.71
Virgin Islands,03/14/2020,44,03/07/2020,592,34238,1.73
Virgin Islands,03/21/2020,123,03/14/2020,584,34238,1.71
Virgin Islands,03/28/2020,250,03/21/2020,512,34238,1.50
Virgin Islands,04/04/2020,72,03/28/2020,658,34238,1.92
Virgin Islands,04/11/2020,6,04/04/2020,776,35422,2.19
Virgin Islands,04/18/2020,13,04/11/2020,1322,35422,3.73
Virgin Islands,04/25/2020,103,04/18/2020,1468,35422,4.14
Virginia,01/04/2020,3188,12/28/2019,22171,3722198,0.60
Virginia,01/11/2020,3643,01/04/2020,23577,3731069,0.63
Virginia,01/18/2020,2831,01/11/2020,22218,3731069,0.60
Virginia,01/25/2020,3059,01/18/2020,21661,3731069,0.58
Virginia,02/01/2020,2575,01/25/2020,22263,3731069,0.60
Virginia,02/08/2020,3097,02/01/2020,22049,3731069,0.59
Virginia,02/15/2020,2693,02/08/2020,22481,3731069,0.60
Virginia,02/22/2020,2079,02/15/2020,22493,3731069,0.60
Virginia,02/29/2020,3267,02/22/2020,22203,3731069,0.60
Virginia,03/07/2020,2527,02/29/2020,22714,3731069,0.61
Virginia,03/14/2020,2706,03/07/2020,21336,3731069,0.57
Virginia,03/21/2020,46277,03/14/2020,21628,3731069,0.58
Virginia,03/28/2020,112497,03/21/2020,41827,3731069,1.12
Virginia,04/04/2020,147369,03/28/2020,133184,3731069,3.57
Virginia,04/11/2020,104619,04/04/2020,236791,3731069,6.35
Virginia,04/18/2020,82729,04/11/2020,297993,3739821,7.97
Virginia,04/25/2020,72488,04/18/2020,341295,3739821,9.13
Washington,01/04/2020,10024,12/28/2019,70363,3317884,2.12
Washington,01/11/2020,9069,01/04/2020,70214,3333838,2.11
Washington,01/18/2020,9079,01/11/2020,65903,3333838,1.98
Washington,01/25/2020,8072,01/18/2020,67705,3333838,2.03
Washington,02/01/2020,6619,01/25/2020,65260,3333838,1.96
Washington,02/08/2020,7161,02/01/2020,64144,3333838,1.92
Washington,02/15/2020,6311,02/08/2020,61819,3333838,1.85
Washington,02/22/2020,5585,02/15/2020,59819,3333838,1.79
Washington,02/29/2020,5770,02/22/2020,58586,3333838,1.76
Washington,03/07/2020,6616,02/29/2020,56513,3333838,1.70
Washington,03/14/2020,14240,03/07/2020,55588,3333838,1.67
Washington,03/21/2020,129909,03/14/2020,62623,3333838,1.88
Washington,03/28/2020,182849,03/21/2020,158025,3333838,4.74
Washington,04/04/2020,171252,03/28/2020,309411,3333838,9.28
Washington,04/11/2020,144455,04/04/2020,442936,3351028,13.22
Washington,04/18/2020,83475,04/11/2020,535185,3351028,15.97
Washington,04/25/2020,139505,04/18/2020,573374,3351028,17.11
West Virginia,01/04/2020,1564,12/28/2019,15887,670192,2.37
West Virginia,01/11/2020,2638,01/04/2020,18026,670051,2.69
West Virginia,01/18/2020,1895,01/11/2020,17681,670051,2.64
West Virginia,01/25/2020,1290,01/18/2020,16745,670051,2.50
West Virginia,02/01/2020,1364,01/25/2020,16905,670051,2.52
West Virginia,02/08/2020,1206,02/01/2020,16588,670051,2.48
West Virginia,02/15/2020,1172,02/08/2020,16856,670051,2.52
West Virginia,02/22/2020,1207,02/15/2020,17355,670051,2.59
West Virginia,02/29/2020,1108,02/22/2020,16797,670051,2.51
West Virginia,03/07/2020,1033,02/29/2020,16110,670051,2.40
West Virginia,03/14/2020,865,03/07/2020,15394,670051,2.30
West Virginia,03/21/2020,3536,03/14/2020,14154,670051,2.11
West Virginia,03/28/2020,14523,03/21/2020,21145,670051,3.16
West Virginia,04/04/2020,14494,03/28/2020,36690,670051,5.48
West Virginia,04/11/2020,14944,04/04/2020,48597,667871,7.28
West Virginia,04/18/2020,46755,04/11/2020,96128,667871,14.39
West Virginia,04/25/2020,29818,04/18/2020,146566,667871,21.95
Wisconsin,01/04/2020,12854,12/28/2019,49605,2848173,1.74
Wisconsin,01/11/2020,8255,01/04/2020,53305,2851929,1.87
Wisconsin,01/18/2020,6388,01/11/2020,44776,2851929,1.57
Wisconsin,01/25/2020,6134,01/18/2020,44077,2851929,1.55
Wisconsin,02/01/2020,6280,01/25/2020,44425,2851929,1.56
Wisconsin,02/08/2020,6579,02/01/2020,44477,2851929,1.56
Wisconsin,02/15/2020,5808,02/08/2020,44163,2851929,1.55
Wisconsin,02/22/2020,6098,02/15/2020,43996,2851929,1.54
Wisconsin,02/29/2020,5658,02/22/2020,43574,2851929,1.53
Wisconsin,03/07/2020,5052,02/29/2020,42337,2851929,1.48
Wisconsin,03/14/2020,5190,03/07/2020,40738,2851929,1.43
Wisconsin,03/21/2020,51031,03/14/2020,43607,2851929,1.53
Wisconsin,03/28/2020,110934,03/21/2020,99574,2851929,3.49
Wisconsin,04/04/2020,104823,03/28/2020,208387,2851929,7.31
Wisconsin,04/11/2020,70000,04/04/2020,262847,2853837,9.21
Wisconsin,04/18/2020,55883,04/11/2020,299532,2853837,10.50
Wisconsin,04/25/2020,49993,04/18/2020,321063,2853837,11.25
Wyoming,01/04/2020,662,12/28/2019,3219,267362,1.20
Wyoming,01/11/2020,829,01/04/2020,3302,268518,1.23
Wyoming,01/18/2020,636,01/11/2020,3301,268518,1.23
Wyoming,01/25/2020,531,01/18/2020,3354,268518,1.25
Wyoming,02/01/2020,529,01/25/2020,3475,268518,1.29
Wyoming,02/08/2020,589,02/01/2020,3507,268518,1.31
Wyoming,02/15/2020,598,02/08/2020,3699,268518,1.38
Wyoming,02/22/2020,389,02/15/2020,3611,268518,1.34
Wyoming,02/29/2020,471,02/22/2020,3543,268518,1.32
Wyoming,03/07/2020,534,02/29/2020,3508,268518,1.31
Wyoming,03/14/2020,517,03/07/2020,3375,268518,1.26
Wyoming,03/21/2020,3653,03/14/2020,3197,268518,1.19
Wyoming,03/28/2020,6396,03/21/2020,4519,268518,1.68
Wyoming,04/04/2020,6543,03/28/2020,7790,268518,2.90
Wyoming,04/11/2020,5794,04/04/2020,11212,270013,4.15
Wyoming,04/18/2020,4381,04/11/2020,14302,270013,5.30
Wyoming,04/25/2020,3497,04/18/2020,16566,270013,6.14
